ID,Resolution,WSI,Node,Class,Image_path
1545,10x,2024-03-1313_09_36,2024-03-1313_09_36-node-0,bf_normal,multi_centers/patch_use/nandafuyi_patches/fs/negative-10X/2024-03-1313_09_36/node-0/x=21560_y=12321_w=3237_h=2384/patch_78.jpg
1580,10x,2024-03-1313_09_36,2024-03-1313_09_36-node-0,bf_normal,multi_centers/patch_use/nandafuyi_patches/fs/negative-10X/2024-03-1313_09_36/node-0/x=21560_y=12321_w=3237_h=2384/patch_70.jpg
1579,10x,2024-03-1313_09_36,2024-03-1313_09_36-node-0,bf_normal,multi_centers/patch_use/nandafuyi_patches/fs/negative-10X/2024-03-1313_09_36/node-0/x=21560_y=12321_w=3237_h=2384/patch_93.jpg
1568,10x,2024-03-1313_09_36,2024-03-1313_09_36-node-0,bf_normal,multi_centers/patch_use/nandafuyi_patches/fs/negative-10X/2024-03-1313_09_36/node-0/x=21560_y=12321_w=3237_h=2384/patch_99.jpg
1560,10x,2024-03-1313_09_36,2024-03-1313_09_36-node-0,bf_normal,multi_centers/patch_use/nandafuyi_patches/fs/negative-10X/2024-03-1313_09_36/node-0/x=21560_y=12321_w=3237_h=2384/patch_100.jpg
1609,10x,2024-03-1313_09_36,2024-03-1313_09_36-node-0,bf_normal,multi_centers/patch_use/nandafuyi_patches/fs/negative-10X/2024-03-1313_09_36/node-0/x=21560_y=12321_w=3237_h=2384/patch_60.jpg
1619,10x,2024-03-1313_09_36,2024-03-1313_09_36-node-0,bf_normal,multi_centers/patch_use/nandafuyi_patches/fs/negative-10X/2024-03-1313_09_36/node-0/x=21560_y=12321_w=3237_h=2384/patch_2.jpg
1562,10x,2024-03-1313_09_36,2024-03-1313_09_36-node-0,bf_normal,multi_centers/patch_use/nandafuyi_patches/fs/negative-10X/2024-03-1313_09_36/node-0/x=21560_y=12321_w=3237_h=2384/patch_98.jpg
1525,10x,2024-03-1313_09_36,2024-03-1313_09_36-node-0,bf_normal,multi_centers/patch_use/nandafuyi_patches/fs/negative-10X/2024-03-1313_09_36/node-0/x=21560_y=12321_w=3237_h=2384/patch_62.jpg
1515,10x,2024-03-1313_09_36,2024-03-1313_09_36-node-0,bf_normal,multi_centers/patch_use/nandafuyi_patches/fs/negative-10X/2024-03-1313_09_36/node-0/x=21560_y=12321_w=3237_h=2384/patch_66.jpg
1533,10x,2024-03-1313_09_36,2024-03-1313_09_36-node-0,bf_normal,multi_centers/patch_use/nandafuyi_patches/fs/negative-10X/2024-03-1313_09_36/node-0/x=21560_y=12321_w=3237_h=2384/patch_18.jpg
1546,10x,2024-03-1313_09_36,2024-03-1313_09_36-node-0,bf_normal,multi_centers/patch_use/nandafuyi_patches/fs/negative-10X/2024-03-1313_09_36/node-0/x=21560_y=12321_w=3237_h=2384/patch_107.jpg
1604,10x,2024-03-1313_09_36,2024-03-1313_09_36-node-0,bf_normal,multi_centers/patch_use/nandafuyi_patches/fs/negative-10X/2024-03-1313_09_36/node-0/x=21560_y=12321_w=3237_h=2384/patch_35.jpg
1611,10x,2024-03-1313_09_36,2024-03-1313_09_36-node-0,bf_normal,multi_centers/patch_use/nandafuyi_patches/fs/negative-10X/2024-03-1313_09_36/node-0/x=21560_y=12321_w=3237_h=2384/patch_41.jpg
1592,10x,2024-03-1313_09_36,2024-03-1313_09_36-node-0,bf_normal,multi_centers/patch_use/nandafuyi_patches/fs/negative-10X/2024-03-1313_09_36/node-0/x=21560_y=12321_w=3237_h=2384/patch_7.jpg
1519,10x,2024-03-1313_09_36,2024-03-1313_09_36-node-0,bf_normal,multi_centers/patch_use/nandafuyi_patches/fs/negative-10X/2024-03-1313_09_36/node-0/x=21560_y=12321_w=3237_h=2384/patch_5.jpg
1595,10x,2024-03-1313_09_36,2024-03-1313_09_36-node-0,bf_normal,multi_centers/patch_use/nandafuyi_patches/fs/negative-10X/2024-03-1313_09_36/node-0/x=21560_y=12321_w=3237_h=2384/patch_91.jpg
1548,10x,2024-03-1313_09_36,2024-03-1313_09_36-node-0,bf_normal,multi_centers/patch_use/nandafuyi_patches/fs/negative-10X/2024-03-1313_09_36/node-0/x=21560_y=12321_w=3237_h=2384/patch_22.jpg
1527,10x,2024-03-1313_09_36,2024-03-1313_09_36-node-0,bf_normal,multi_centers/patch_use/nandafuyi_patches/fs/negative-10X/2024-03-1313_09_36/node-0/x=21560_y=12321_w=3237_h=2384/patch_45.jpg
1541,10x,2024-03-1313_09_36,2024-03-1313_09_36-node-0,bf_normal,multi_centers/patch_use/nandafuyi_patches/fs/negative-10X/2024-03-1313_09_36/node-0/x=21560_y=12321_w=3237_h=2384/patch_81.jpg
1614,10x,2024-03-1313_09_36,2024-03-1313_09_36-node-0,bf_normal,multi_centers/patch_use/nandafuyi_patches/fs/negative-10X/2024-03-1313_09_36/node-0/x=21560_y=12321_w=3237_h=2384/patch_34.jpg
1570,10x,2024-03-1313_09_36,2024-03-1313_09_36-node-0,bf_normal,multi_centers/patch_use/nandafuyi_patches/fs/negative-10X/2024-03-1313_09_36/node-0/x=21560_y=12321_w=3237_h=2384/patch_74.jpg
1537,10x,2024-03-1313_09_36,2024-03-1313_09_36-node-0,bf_normal,multi_centers/patch_use/nandafuyi_patches/fs/negative-10X/2024-03-1313_09_36/node-0/x=21560_y=12321_w=3237_h=2384/patch_42.jpg
1591,10x,2024-03-1313_09_36,2024-03-1313_09_36-node-0,bf_normal,multi_centers/patch_use/nandafuyi_patches/fs/negative-10X/2024-03-1313_09_36/node-0/x=21560_y=12321_w=3237_h=2384/patch_59.jpg
1559,10x,2024-03-1313_09_36,2024-03-1313_09_36-node-0,bf_normal,multi_centers/patch_use/nandafuyi_patches/fs/negative-10X/2024-03-1313_09_36/node-0/x=21560_y=12321_w=3237_h=2384/patch_37.jpg
1587,10x,2024-03-1313_09_36,2024-03-1313_09_36-node-0,bf_normal,multi_centers/patch_use/nandafuyi_patches/fs/negative-10X/2024-03-1313_09_36/node-0/x=21560_y=12321_w=3237_h=2384/patch_23.jpg
1530,10x,2024-03-1313_09_36,2024-03-1313_09_36-node-0,bf_normal,multi_centers/patch_use/nandafuyi_patches/fs/negative-10X/2024-03-1313_09_36/node-0/x=21560_y=12321_w=3237_h=2384/patch_65.jpg
1557,10x,2024-03-1313_09_36,2024-03-1313_09_36-node-0,bf_normal,multi_centers/patch_use/nandafuyi_patches/fs/negative-10X/2024-03-1313_09_36/node-0/x=21560_y=12321_w=3237_h=2384/patch_64.jpg
1555,10x,2024-03-1313_09_36,2024-03-1313_09_36-node-0,bf_normal,multi_centers/patch_use/nandafuyi_patches/fs/negative-10X/2024-03-1313_09_36/node-0/x=21560_y=12321_w=3237_h=2384/patch_20.jpg
1524,10x,2024-03-1313_09_36,2024-03-1313_09_36-node-0,bf_normal,multi_centers/patch_use/nandafuyi_patches/fs/negative-10X/2024-03-1313_09_36/node-0/x=21560_y=12321_w=3237_h=2384/patch_38.jpg
1600,10x,2024-03-1313_09_36,2024-03-1313_09_36-node-0,bf_normal,multi_centers/patch_use/nandafuyi_patches/fs/negative-10X/2024-03-1313_09_36/node-0/x=21560_y=12321_w=3237_h=2384/patch_24.jpg
1526,10x,2024-03-1313_09_36,2024-03-1313_09_36-node-0,bf_normal,multi_centers/patch_use/nandafuyi_patches/fs/negative-10X/2024-03-1313_09_36/node-0/x=21560_y=12321_w=3237_h=2384/patch_90.jpg
1618,10x,2024-03-1313_09_36,2024-03-1313_09_36-node-0,bf_normal,multi_centers/patch_use/nandafuyi_patches/fs/negative-10X/2024-03-1313_09_36/node-0/x=21560_y=12321_w=3237_h=2384/patch_79.jpg
1593,10x,2024-03-1313_09_36,2024-03-1313_09_36-node-0,bf_normal,multi_centers/patch_use/nandafuyi_patches/fs/negative-10X/2024-03-1313_09_36/node-0/x=21560_y=12321_w=3237_h=2384/patch_71.jpg
1543,10x,2024-03-1313_09_36,2024-03-1313_09_36-node-0,bf_normal,multi_centers/patch_use/nandafuyi_patches/fs/negative-10X/2024-03-1313_09_36/node-0/x=21560_y=12321_w=3237_h=2384/patch_75.jpg
1594,10x,2024-03-1313_09_36,2024-03-1313_09_36-node-0,bf_normal,multi_centers/patch_use/nandafuyi_patches/fs/negative-10X/2024-03-1313_09_36/node-0/x=21560_y=12321_w=3237_h=2384/patch_68.jpg
1520,10x,2024-03-1313_09_36,2024-03-1313_09_36-node-0,bf_normal,multi_centers/patch_use/nandafuyi_patches/fs/negative-10X/2024-03-1313_09_36/node-0/x=21560_y=12321_w=3237_h=2384/patch_94.jpg
1577,10x,2024-03-1313_09_36,2024-03-1313_09_36-node-0,bf_normal,multi_centers/patch_use/nandafuyi_patches/fs/negative-10X/2024-03-1313_09_36/node-0/x=21560_y=12321_w=3237_h=2384/patch_102.jpg
1571,10x,2024-03-1313_09_36,2024-03-1313_09_36-node-0,bf_normal,multi_centers/patch_use/nandafuyi_patches/fs/negative-10X/2024-03-1313_09_36/node-0/x=21560_y=12321_w=3237_h=2384/patch_49.jpg
1554,10x,2024-03-1313_09_36,2024-03-1313_09_36-node-0,bf_normal,multi_centers/patch_use/nandafuyi_patches/fs/negative-10X/2024-03-1313_09_36/node-0/x=21560_y=12321_w=3237_h=2384/patch_88.jpg
1550,10x,2024-03-1313_09_36,2024-03-1313_09_36-node-0,bf_normal,multi_centers/patch_use/nandafuyi_patches/fs/negative-10X/2024-03-1313_09_36/node-0/x=21560_y=12321_w=3237_h=2384/patch_85.jpg
1531,10x,2024-03-1313_09_36,2024-03-1313_09_36-node-0,bf_normal,multi_centers/patch_use/nandafuyi_patches/fs/negative-10X/2024-03-1313_09_36/node-0/x=21560_y=12321_w=3237_h=2384/patch_15.jpg
1581,10x,2024-03-1313_09_36,2024-03-1313_09_36-node-0,bf_normal,multi_centers/patch_use/nandafuyi_patches/fs/negative-10X/2024-03-1313_09_36/node-0/x=21560_y=12321_w=3237_h=2384/patch_72.jpg
1549,10x,2024-03-1313_09_36,2024-03-1313_09_36-node-0,bf_normal,multi_centers/patch_use/nandafuyi_patches/fs/negative-10X/2024-03-1313_09_36/node-0/x=21560_y=12321_w=3237_h=2384/patch_16.jpg
1522,10x,2024-03-1313_09_36,2024-03-1313_09_36-node-0,bf_normal,multi_centers/patch_use/nandafuyi_patches/fs/negative-10X/2024-03-1313_09_36/node-0/x=21560_y=12321_w=3237_h=2384/patch_36.jpg
1558,10x,2024-03-1313_09_36,2024-03-1313_09_36-node-0,bf_normal,multi_centers/patch_use/nandafuyi_patches/fs/negative-10X/2024-03-1313_09_36/node-0/x=21560_y=12321_w=3237_h=2384/patch_10.jpg
1583,10x,2024-03-1313_09_36,2024-03-1313_09_36-node-0,bf_normal,multi_centers/patch_use/nandafuyi_patches/fs/negative-10X/2024-03-1313_09_36/node-0/x=21560_y=12321_w=3237_h=2384/patch_48.jpg
1584,10x,2024-03-1313_09_36,2024-03-1313_09_36-node-0,bf_normal,multi_centers/patch_use/nandafuyi_patches/fs/negative-10X/2024-03-1313_09_36/node-0/x=21560_y=12321_w=3237_h=2384/patch_13.jpg
1542,10x,2024-03-1313_09_36,2024-03-1313_09_36-node-0,bf_normal,multi_centers/patch_use/nandafuyi_patches/fs/negative-10X/2024-03-1313_09_36/node-0/x=21560_y=12321_w=3237_h=2384/patch_25.jpg
1534,10x,2024-03-1313_09_36,2024-03-1313_09_36-node-0,bf_normal,multi_centers/patch_use/nandafuyi_patches/fs/negative-10X/2024-03-1313_09_36/node-0/x=21560_y=12321_w=3237_h=2384/patch_32.jpg
1599,10x,2024-03-1313_09_36,2024-03-1313_09_36-node-0,bf_normal,multi_centers/patch_use/nandafuyi_patches/fs/negative-10X/2024-03-1313_09_36/node-0/x=21560_y=12321_w=3237_h=2384/patch_43.jpg
1540,10x,2024-03-1313_09_36,2024-03-1313_09_36-node-0,bf_normal,multi_centers/patch_use/nandafuyi_patches/fs/negative-10X/2024-03-1313_09_36/node-0/x=21560_y=12321_w=3237_h=2384/patch_21.jpg
1588,10x,2024-03-1313_09_36,2024-03-1313_09_36-node-0,bf_normal,multi_centers/patch_use/nandafuyi_patches/fs/negative-10X/2024-03-1313_09_36/node-0/x=21560_y=12321_w=3237_h=2384/patch_30.jpg
1564,10x,2024-03-1313_09_36,2024-03-1313_09_36-node-0,bf_normal,multi_centers/patch_use/nandafuyi_patches/fs/negative-10X/2024-03-1313_09_36/node-0/x=21560_y=12321_w=3237_h=2384/patch_33.jpg
1528,10x,2024-03-1313_09_36,2024-03-1313_09_36-node-0,bf_normal,multi_centers/patch_use/nandafuyi_patches/fs/negative-10X/2024-03-1313_09_36/node-0/x=21560_y=12321_w=3237_h=2384/patch_31.jpg
1539,10x,2024-03-1313_09_36,2024-03-1313_09_36-node-0,bf_normal,multi_centers/patch_use/nandafuyi_patches/fs/negative-10X/2024-03-1313_09_36/node-0/x=21560_y=12321_w=3237_h=2384/patch_73.jpg
1518,10x,2024-03-1313_09_36,2024-03-1313_09_36-node-0,bf_normal,multi_centers/patch_use/nandafuyi_patches/fs/negative-10X/2024-03-1313_09_36/node-0/x=21560_y=12321_w=3237_h=2384/patch_105.jpg
1532,10x,2024-03-1313_09_36,2024-03-1313_09_36-node-0,bf_normal,multi_centers/patch_use/nandafuyi_patches/fs/negative-10X/2024-03-1313_09_36/node-0/x=21560_y=12321_w=3237_h=2384/patch_69.jpg
1553,10x,2024-03-1313_09_36,2024-03-1313_09_36-node-0,bf_normal,multi_centers/patch_use/nandafuyi_patches/fs/negative-10X/2024-03-1313_09_36/node-0/x=21560_y=12321_w=3237_h=2384/patch_3.jpg
1523,10x,2024-03-1313_09_36,2024-03-1313_09_36-node-0,bf_normal,multi_centers/patch_use/nandafuyi_patches/fs/negative-10X/2024-03-1313_09_36/node-0/x=21560_y=12321_w=3237_h=2384/patch_95.jpg
1596,10x,2024-03-1313_09_36,2024-03-1313_09_36-node-0,bf_normal,multi_centers/patch_use/nandafuyi_patches/fs/negative-10X/2024-03-1313_09_36/node-0/x=21560_y=12321_w=3237_h=2384/patch_80.jpg
1521,10x,2024-03-1313_09_36,2024-03-1313_09_36-node-0,bf_normal,multi_centers/patch_use/nandafuyi_patches/fs/negative-10X/2024-03-1313_09_36/node-0/x=21560_y=12321_w=3237_h=2384/patch_52.jpg
1582,10x,2024-03-1313_09_36,2024-03-1313_09_36-node-0,bf_normal,multi_centers/patch_use/nandafuyi_patches/fs/negative-10X/2024-03-1313_09_36/node-0/x=21560_y=12321_w=3237_h=2384/patch_97.jpg
1551,10x,2024-03-1313_09_36,2024-03-1313_09_36-node-0,bf_normal,multi_centers/patch_use/nandafuyi_patches/fs/negative-10X/2024-03-1313_09_36/node-0/x=21560_y=12321_w=3237_h=2384/patch_29.jpg
1606,10x,2024-03-1313_09_36,2024-03-1313_09_36-node-0,bf_normal,multi_centers/patch_use/nandafuyi_patches/fs/negative-10X/2024-03-1313_09_36/node-0/x=21560_y=12321_w=3237_h=2384/patch_4.jpg
1598,10x,2024-03-1313_09_36,2024-03-1313_09_36-node-0,bf_normal,multi_centers/patch_use/nandafuyi_patches/fs/negative-10X/2024-03-1313_09_36/node-0/x=21560_y=12321_w=3237_h=2384/patch_11.jpg
1569,10x,2024-03-1313_09_36,2024-03-1313_09_36-node-0,bf_normal,multi_centers/patch_use/nandafuyi_patches/fs/negative-10X/2024-03-1313_09_36/node-0/x=21560_y=12321_w=3237_h=2384/patch_87.jpg
1565,10x,2024-03-1313_09_36,2024-03-1313_09_36-node-0,bf_normal,multi_centers/patch_use/nandafuyi_patches/fs/negative-10X/2024-03-1313_09_36/node-0/x=21560_y=12321_w=3237_h=2384/patch_50.jpg
1585,10x,2024-03-1313_09_36,2024-03-1313_09_36-node-0,bf_normal,multi_centers/patch_use/nandafuyi_patches/fs/negative-10X/2024-03-1313_09_36/node-0/x=21560_y=12321_w=3237_h=2384/patch_9.jpg
1561,10x,2024-03-1313_09_36,2024-03-1313_09_36-node-0,bf_normal,multi_centers/patch_use/nandafuyi_patches/fs/negative-10X/2024-03-1313_09_36/node-0/x=21560_y=12321_w=3237_h=2384/patch_46.jpg
1615,10x,2024-03-1313_09_36,2024-03-1313_09_36-node-0,bf_normal,multi_centers/patch_use/nandafuyi_patches/fs/negative-10X/2024-03-1313_09_36/node-0/x=21560_y=12321_w=3237_h=2384/patch_57.jpg
1576,10x,2024-03-1313_09_36,2024-03-1313_09_36-node-0,bf_normal,multi_centers/patch_use/nandafuyi_patches/fs/negative-10X/2024-03-1313_09_36/node-0/x=21560_y=12321_w=3237_h=2384/patch_28.jpg
1616,10x,2024-03-1313_09_36,2024-03-1313_09_36-node-0,bf_normal,multi_centers/patch_use/nandafuyi_patches/fs/negative-10X/2024-03-1313_09_36/node-0/x=21560_y=12321_w=3237_h=2384/patch_14.jpg
1612,10x,2024-03-1313_09_36,2024-03-1313_09_36-node-0,bf_normal,multi_centers/patch_use/nandafuyi_patches/fs/negative-10X/2024-03-1313_09_36/node-0/x=21560_y=12321_w=3237_h=2384/patch_84.jpg
1556,10x,2024-03-1313_09_36,2024-03-1313_09_36-node-0,bf_normal,multi_centers/patch_use/nandafuyi_patches/fs/negative-10X/2024-03-1313_09_36/node-0/x=21560_y=12321_w=3237_h=2384/patch_101.jpg
1573,10x,2024-03-1313_09_36,2024-03-1313_09_36-node-0,bf_normal,multi_centers/patch_use/nandafuyi_patches/fs/negative-10X/2024-03-1313_09_36/node-0/x=21560_y=12321_w=3237_h=2384/patch_58.jpg
1563,10x,2024-03-1313_09_36,2024-03-1313_09_36-node-0,bf_normal,multi_centers/patch_use/nandafuyi_patches/fs/negative-10X/2024-03-1313_09_36/node-0/x=21560_y=12321_w=3237_h=2384/patch_55.jpg
1605,10x,2024-03-1313_09_36,2024-03-1313_09_36-node-0,bf_normal,multi_centers/patch_use/nandafuyi_patches/fs/negative-10X/2024-03-1313_09_36/node-0/x=21560_y=12321_w=3237_h=2384/patch_103.jpg
1572,10x,2024-03-1313_09_36,2024-03-1313_09_36-node-0,bf_normal,multi_centers/patch_use/nandafuyi_patches/fs/negative-10X/2024-03-1313_09_36/node-0/x=21560_y=12321_w=3237_h=2384/patch_96.jpg
1590,10x,2024-03-1313_09_36,2024-03-1313_09_36-node-0,bf_normal,multi_centers/patch_use/nandafuyi_patches/fs/negative-10X/2024-03-1313_09_36/node-0/x=21560_y=12321_w=3237_h=2384/patch_106.jpg
1547,10x,2024-03-1313_09_36,2024-03-1313_09_36-node-0,bf_normal,multi_centers/patch_use/nandafuyi_patches/fs/negative-10X/2024-03-1313_09_36/node-0/x=21560_y=12321_w=3237_h=2384/patch_6.jpg
1613,10x,2024-03-1313_09_36,2024-03-1313_09_36-node-0,bf_normal,multi_centers/patch_use/nandafuyi_patches/fs/negative-10X/2024-03-1313_09_36/node-0/x=21560_y=12321_w=3237_h=2384/patch_67.jpg
1574,10x,2024-03-1313_09_36,2024-03-1313_09_36-node-0,bf_normal,multi_centers/patch_use/nandafuyi_patches/fs/negative-10X/2024-03-1313_09_36/node-0/x=21560_y=12321_w=3237_h=2384/patch_40.jpg
1578,10x,2024-03-1313_09_36,2024-03-1313_09_36-node-0,bf_normal,multi_centers/patch_use/nandafuyi_patches/fs/negative-10X/2024-03-1313_09_36/node-0/x=21560_y=12321_w=3237_h=2384/patch_77.jpg
1603,10x,2024-03-1313_09_36,2024-03-1313_09_36-node-0,bf_normal,multi_centers/patch_use/nandafuyi_patches/fs/negative-10X/2024-03-1313_09_36/node-0/x=21560_y=12321_w=3237_h=2384/patch_63.jpg
1552,10x,2024-03-1313_09_36,2024-03-1313_09_36-node-0,bf_normal,multi_centers/patch_use/nandafuyi_patches/fs/negative-10X/2024-03-1313_09_36/node-0/x=21560_y=12321_w=3237_h=2384/patch_17.jpg
1544,10x,2024-03-1313_09_36,2024-03-1313_09_36-node-0,bf_normal,multi_centers/patch_use/nandafuyi_patches/fs/negative-10X/2024-03-1313_09_36/node-0/x=21560_y=12321_w=3237_h=2384/patch_8.jpg
1608,10x,2024-03-1313_09_36,2024-03-1313_09_36-node-0,bf_normal,multi_centers/patch_use/nandafuyi_patches/fs/negative-10X/2024-03-1313_09_36/node-0/x=21560_y=12321_w=3237_h=2384/patch_86.jpg
1516,10x,2024-03-1313_09_36,2024-03-1313_09_36-node-0,bf_normal,multi_centers/patch_use/nandafuyi_patches/fs/negative-10X/2024-03-1313_09_36/node-0/x=21560_y=12321_w=3237_h=2384/patch_104.jpg
1567,10x,2024-03-1313_09_36,2024-03-1313_09_36-node-0,bf_normal,multi_centers/patch_use/nandafuyi_patches/fs/negative-10X/2024-03-1313_09_36/node-0/x=21560_y=12321_w=3237_h=2384/patch_76.jpg
1536,10x,2024-03-1313_09_36,2024-03-1313_09_36-node-0,bf_normal,multi_centers/patch_use/nandafuyi_patches/fs/negative-10X/2024-03-1313_09_36/node-0/x=21560_y=12321_w=3237_h=2384/patch_47.jpg
1517,10x,2024-03-1313_09_36,2024-03-1313_09_36-node-0,bf_normal,multi_centers/patch_use/nandafuyi_patches/fs/negative-10X/2024-03-1313_09_36/node-0/x=21560_y=12321_w=3237_h=2384/patch_44.jpg
1538,10x,2024-03-1313_09_36,2024-03-1313_09_36-node-0,bf_normal,multi_centers/patch_use/nandafuyi_patches/fs/negative-10X/2024-03-1313_09_36/node-0/x=21560_y=12321_w=3237_h=2384/patch_26.jpg
1602,10x,2024-03-1313_09_36,2024-03-1313_09_36-node-0,bf_normal,multi_centers/patch_use/nandafuyi_patches/fs/negative-10X/2024-03-1313_09_36/node-0/x=21560_y=12321_w=3237_h=2384/patch_19.jpg
1610,10x,2024-03-1313_09_36,2024-03-1313_09_36-node-0,bf_normal,multi_centers/patch_use/nandafuyi_patches/fs/negative-10X/2024-03-1313_09_36/node-0/x=21560_y=12321_w=3237_h=2384/patch_27.jpg
1589,10x,2024-03-1313_09_36,2024-03-1313_09_36-node-0,bf_normal,multi_centers/patch_use/nandafuyi_patches/fs/negative-10X/2024-03-1313_09_36/node-0/x=21560_y=12321_w=3237_h=2384/patch_89.jpg
1601,10x,2024-03-1313_09_36,2024-03-1313_09_36-node-0,bf_normal,multi_centers/patch_use/nandafuyi_patches/fs/negative-10X/2024-03-1313_09_36/node-0/x=21560_y=12321_w=3237_h=2384/patch_39.jpg
1597,10x,2024-03-1313_09_36,2024-03-1313_09_36-node-0,bf_normal,multi_centers/patch_use/nandafuyi_patches/fs/negative-10X/2024-03-1313_09_36/node-0/x=21560_y=12321_w=3237_h=2384/patch_54.jpg
1535,10x,2024-03-1313_09_36,2024-03-1313_09_36-node-0,bf_normal,multi_centers/patch_use/nandafuyi_patches/fs/negative-10X/2024-03-1313_09_36/node-0/x=21560_y=12321_w=3237_h=2384/patch_51.jpg
1575,10x,2024-03-1313_09_36,2024-03-1313_09_36-node-0,bf_normal,multi_centers/patch_use/nandafuyi_patches/fs/negative-10X/2024-03-1313_09_36/node-0/x=21560_y=12321_w=3237_h=2384/patch_92.jpg
1586,10x,2024-03-1313_09_36,2024-03-1313_09_36-node-0,bf_normal,multi_centers/patch_use/nandafuyi_patches/fs/negative-10X/2024-03-1313_09_36/node-0/x=21560_y=12321_w=3237_h=2384/patch_83.jpg
1529,10x,2024-03-1313_09_36,2024-03-1313_09_36-node-0,bf_normal,multi_centers/patch_use/nandafuyi_patches/fs/negative-10X/2024-03-1313_09_36/node-0/x=21560_y=12321_w=3237_h=2384/patch_61.jpg
1607,10x,2024-03-1313_09_36,2024-03-1313_09_36-node-0,bf_normal,multi_centers/patch_use/nandafuyi_patches/fs/negative-10X/2024-03-1313_09_36/node-0/x=21560_y=12321_w=3237_h=2384/patch_56.jpg
1566,10x,2024-03-1313_09_36,2024-03-1313_09_36-node-0,bf_normal,multi_centers/patch_use/nandafuyi_patches/fs/negative-10X/2024-03-1313_09_36/node-0/x=21560_y=12321_w=3237_h=2384/patch_82.jpg
1617,10x,2024-03-1313_09_36,2024-03-1313_09_36-node-0,bf_normal,multi_centers/patch_use/nandafuyi_patches/fs/negative-10X/2024-03-1313_09_36/node-0/x=21560_y=12321_w=3237_h=2384/patch_53.jpg
1811,10x,2024-03-0713_30_41X190253-XB23-04253B2,2024-03-0713_30_41X190253-XB23-04253B2-node-0,bf_micro,multi_centers/patch_use/nandafuyi_patches/fs/micro-10X/2024-03-0713_30_41X190253-XB23-04253B2/node-0/x=6927_y=7144_w=1991_h=1436/patch_5.jpg
1812,10x,2024-03-0713_30_41X190253-XB23-04253B2,2024-03-0713_30_41X190253-XB23-04253B2-node-0,bf_micro,multi_centers/patch_use/nandafuyi_patches/fs/micro-10X/2024-03-0713_30_41X190253-XB23-04253B2/node-0/x=6927_y=7144_w=1991_h=1436/patch_31.jpg
1813,10x,2024-03-0713_30_41X190253-XB23-04253B2,2024-03-0713_30_41X190253-XB23-04253B2-node-0,bf_micro,multi_centers/patch_use/nandafuyi_patches/fs/micro-10X/2024-03-0713_30_41X190253-XB23-04253B2/node-0/x=6927_y=7144_w=1991_h=1436/patch_22.jpg
1814,10x,2024-03-0713_30_41X190253-XB23-04253B2,2024-03-0713_30_41X190253-XB23-04253B2-node-0,bf_micro,multi_centers/patch_use/nandafuyi_patches/fs/micro-10X/2024-03-0713_30_41X190253-XB23-04253B2/node-0/x=6927_y=7144_w=1991_h=1436/patch_29.jpg
1815,10x,2024-03-0713_30_41X190253-XB23-04253B2,2024-03-0713_30_41X190253-XB23-04253B2-node-0,bf_micro,multi_centers/patch_use/nandafuyi_patches/fs/micro-10X/2024-03-0713_30_41X190253-XB23-04253B2/node-0/x=6927_y=7144_w=1991_h=1436/patch_12.jpg
1816,10x,2024-03-0713_30_41X190253-XB23-04253B2,2024-03-0713_30_41X190253-XB23-04253B2-node-0,bf_micro,multi_centers/patch_use/nandafuyi_patches/fs/micro-10X/2024-03-0713_30_41X190253-XB23-04253B2/node-0/x=6927_y=7144_w=1991_h=1436/patch_23.jpg
1817,10x,2024-03-0713_30_41X190253-XB23-04253B2,2024-03-0713_30_41X190253-XB23-04253B2-node-0,bf_micro,multi_centers/patch_use/nandafuyi_patches/fs/micro-10X/2024-03-0713_30_41X190253-XB23-04253B2/node-0/x=6927_y=7144_w=1991_h=1436/patch_30.jpg
1818,10x,2024-03-0713_30_41X190253-XB23-04253B2,2024-03-0713_30_41X190253-XB23-04253B2-node-0,bf_micro,multi_centers/patch_use/nandafuyi_patches/fs/micro-10X/2024-03-0713_30_41X190253-XB23-04253B2/node-0/x=6927_y=7144_w=1991_h=1436/patch_11.jpg
1819,10x,2024-03-0713_30_41X190253-XB23-04253B2,2024-03-0713_30_41X190253-XB23-04253B2-node-0,bf_micro,multi_centers/patch_use/nandafuyi_patches/fs/micro-10X/2024-03-0713_30_41X190253-XB23-04253B2/node-0/x=6927_y=7144_w=1991_h=1436/patch_24.jpg
1820,10x,2024-03-0713_30_41X190253-XB23-04253B2,2024-03-0713_30_41X190253-XB23-04253B2-node-0,bf_micro,multi_centers/patch_use/nandafuyi_patches/fs/micro-10X/2024-03-0713_30_41X190253-XB23-04253B2/node-0/x=6927_y=7144_w=1991_h=1436/patch_4.jpg
1821,10x,2024-03-0713_30_41X190253-XB23-04253B2,2024-03-0713_30_41X190253-XB23-04253B2-node-0,bf_micro,multi_centers/patch_use/nandafuyi_patches/fs/micro-10X/2024-03-0713_30_41X190253-XB23-04253B2/node-0/x=4702_y=6100_w=1991_h=1436/patch_15.jpg
1822,10x,2024-03-0713_30_41X190253-XB23-04253B2,2024-03-0713_30_41X190253-XB23-04253B2-node-0,bf_micro,multi_centers/patch_use/nandafuyi_patches/fs/micro-10X/2024-03-0713_30_41X190253-XB23-04253B2/node-0/x=4702_y=6100_w=1991_h=1436/patch_21.jpg
1823,10x,2024-03-0713_30_41X190253-XB23-04253B2,2024-03-0713_30_41X190253-XB23-04253B2-node-0,bf_micro,multi_centers/patch_use/nandafuyi_patches/fs/micro-10X/2024-03-0713_30_41X190253-XB23-04253B2/node-0/x=4702_y=6100_w=1991_h=1436/patch_22.jpg
1824,10x,2024-03-0713_30_41X190253-XB23-04253B2,2024-03-0713_30_41X190253-XB23-04253B2-node-0,bf_micro,multi_centers/patch_use/nandafuyi_patches/fs/micro-10X/2024-03-0713_30_41X190253-XB23-04253B2/node-0/x=4702_y=6100_w=1991_h=1436/patch_7.jpg
1825,10x,2024-03-0713_30_41X190253-XB23-04253B2,2024-03-0713_30_41X190253-XB23-04253B2-node-0,bf_micro,multi_centers/patch_use/nandafuyi_patches/fs/micro-10X/2024-03-0713_30_41X190253-XB23-04253B2/node-0/x=4702_y=6100_w=1991_h=1436/patch_14.jpg
2039,10x,2024-03-0716_09_56B23-1012B1,2024-03-0716_09_56B23-1012B1-node-0,bf_micro,multi_centers/patch_use/nandafuyi_patches/fs/micro-10X/2024-03-0716_09_56B23-1012B1/node-0/x=67148_y=36300_w=2092_h=1410/patch_36.jpg
2040,10x,2024-03-0716_09_56B23-1012B1,2024-03-0716_09_56B23-1012B1-node-0,bf_micro,multi_centers/patch_use/nandafuyi_patches/fs/micro-10X/2024-03-0716_09_56B23-1012B1/node-0/x=67148_y=36300_w=2092_h=1410/patch_29.jpg
2041,10x,2024-03-0716_09_56B23-1012B1,2024-03-0716_09_56B23-1012B1-node-0,bf_micro,multi_centers/patch_use/nandafuyi_patches/fs/micro-10X/2024-03-0716_09_56B23-1012B1/node-0/x=67148_y=36300_w=2092_h=1410/patch_20.jpg
2042,10x,2024-03-0716_09_56B23-1012B1,2024-03-0716_09_56B23-1012B1-node-0,bf_micro,multi_centers/patch_use/nandafuyi_patches/fs/micro-10X/2024-03-0716_09_56B23-1012B1/node-0/x=67148_y=36300_w=2092_h=1410/patch_28.jpg
2043,10x,2024-03-0716_09_56B23-1012B1,2024-03-0716_09_56B23-1012B1-node-0,bf_micro,multi_centers/patch_use/nandafuyi_patches/fs/micro-10X/2024-03-0716_09_56B23-1012B1/node-0/x=67148_y=36300_w=2092_h=1410/patch_35.jpg
2044,10x,2024-03-0716_09_56B23-1012B1,2024-03-0716_09_56B23-1012B1-node-0,bf_micro,multi_centers/patch_use/nandafuyi_patches/fs/micro-10X/2024-03-0716_09_56B23-1012B1/node-0/x=67148_y=36300_w=2092_h=1410/patch_27.jpg
